{"loss": 0.387019544839859, "accuracy": 0.8580999970436096}