{"loss": 0.36075302958488464, "accuracy": 0.8669000267982483}